-- phpMyAdmin SQL Dump
-- version 5.2.1
-- https://www.phpmyadmin.net/
--
-- Anamakine: 127.0.0.1
-- Üretim Zamanı: 14 Haz 2023, 10:18:21
-- Sunucu sürümü: 10.4.28-MariaDB
-- PHP Sürümü: 8.2.4

SET SQL_MODE = "NO_AUTO_VALUE_ON_ZERO";
START TRANSACTION;
SET time_zone = "+00:00";


/*!40101 SET @OLD_CHARACTER_SET_CLIENT=@@CHARACTER_SET_CLIENT */;
/*!40101 SET @OLD_CHARACTER_SET_RESULTS=@@CHARACTER_SET_RESULTS */;
/*!40101 SET @OLD_COLLATION_CONNECTION=@@COLLATION_CONNECTION */;
/*!40101 SET NAMES utf8mb4 */;

--
-- Veritabanı: `e-commerce`
--

-- --------------------------------------------------------

--
-- Tablo için tablo yapısı `address`
--

CREATE TABLE `address` (
  `ID` int(11) NOT NULL,
  `COUNTRYID` int(11) DEFAULT NULL,
  `CITYID` int(11) DEFAULT NULL,
  `TOWNID` int(11) DEFAULT NULL,
  `DISTRICTID` int(11) DEFAULT NULL,
  `POSTALCODE` varchar(10) DEFAULT NULL,
  `ADDRESSTEXT` varchar(250) DEFAULT NULL,
  `USERID` int(11) DEFAULT NULL
) ENGINE=InnoDB DEFAULT CHARSET=utf8mb4 COLLATE=utf8mb4_general_ci;

--
-- Tablo döküm verisi `address`
--

INSERT INTO `address` (`ID`, `COUNTRYID`, `CITYID`, `TOWNID`, `DISTRICTID`, `POSTALCODE`, `ADDRESSTEXT`, `USERID`) VALUES
(1, 1, 1, 1, 1, '12345', 'Atatürk Caddesi No: 1', 1),
(2, 1, 1, 2, 2, '23456', 'İnönü Sokak No: 2', 2),
(3, 1, 1, 3, 3, '34567', 'Cumhuriyet Mahallesi No: 3', 3),
(4, 1, 2, 4, 4, '45678', 'Kızılay Meydanı No: 4', 4),
(5, 1, 2, 5, 5, '56789', 'Ulubey Sokak No: 5', 5),
(6, 1, 2, 6, 6, '67890', 'İstasyon Caddesi No: 6', 6),
(7, 1, 3, 7, 7, '78901', 'Zafer Mahallesi No: 7', 7),
(8, 1, 3, 8, 8, '89012', 'Saat Kulesi Sokak No: 8', 8),
(9, 1, 3, 9, 9, '90123', 'Kordon Boyu No: 9', 9),
(10, 1, 4, 10, 10, '01234', 'Yeni Mahalle No: 10', 10),
(11, 1, 4, 11, 11, '12345', 'Gül Sokak No: 11', 11),
(12, 1, 4, 12, 12, '23456', 'Çarşı Cadde No: 12', 12),
(13, 1, 5, 13, 13, '34567', 'Bağdat Caddesi No: 13', 13),
(14, 1, 5, 14, 14, '45678', 'Moda Sokak No: 14', 14),
(15, 1, 5, 15, 15, '56789', 'Caddebostan Mahallesi No: 15', 15),
(16, 2, 6, 16, 16, '67890', 'Sahil Yolu No: 16', 16),
(17, 2, 6, 17, 17, '78901', 'Mavi Bulvar No: 17', 17),
(18, 2, 6, 18, 18, '89012', 'Yeşil Sokak No: 18', 18),
(19, 2, 7, 19, 19, '90123', 'Güneş Mahallesi No: 19', 19),
(20, 2, 7, 20, 20, '01234', 'Ay Sokak No: 20', 20),
(21, 2, 7, 21, 21, '12345', 'Yıldız Caddesi No: 21', 21),
(22, 2, 8, 22, 22, '23456', 'Kapı Sk. No: 22', 22),
(23, 2, 8, 23, 23, '34567', 'Güzel Mah. No: 23', 23),
(24, 2, 8, 24, 24, '45678', 'Bahçe Cad. No: 24', 24),
(25, 2, 9, 25, 25, '56789', 'Gazi Bulv. No: 25', 25),
(26, 2, 9, 26, 26, '67890', 'Mustafa Sok. No: 26', 26),
(27, 2, 9, 27, 27, '78901', 'Atatürk Mah. No: 27', 27),
(28, 3, 10, 28, 28, '89012', 'Çınar Cad. No: 28', 28),
(29, 3, 10, 29, 29, '90123', 'Kavak Sok. No: 29', 29),
(30, 3, 10, 30, 30, '01234', 'Meşe Mah. No: 30', 30),
(31, 3, 11, 31, 31, '12345', 'Palmiye Cad. No: 31', 31),
(32, 3, 11, 32, 32, '23456', 'Zeytin Sok. No: 32', 32),
(33, 3, 11, 33, 33, '34567', 'Çam Mah. No: 33', 33),
(34, 3, 12, 34, 34, '45678', 'Ayçiçeği Cad. No: 34', 34),
(35, 3, 12, 35, 35, '56789', 'Lale Sok. No: 35', 35),
(36, 3, 12, 36, 36, '67890', 'Papatya Mah. No: 36', 36),
(37, 4, 13, 37, 37, '78901', 'Deniz Cad. No: 37', 37),
(38, 4, 13, 38, 38, '89012', 'Kum Sok. No: 38', 38),
(39, 4, 13, 39, 39, '90123', 'Güneş Mah. No: 39', 39),
(40, 4, 14, 40, 40, '01234', 'Ay Bulvarı No: 40', 40),
(41, 4, 14, 41, 41, '12345', 'Göl Sok. No: 41', 41),
(42, 4, 14, 42, 42, '23456', 'Dağ Mah. No: 42', 42),
(43, 4, 15, 43, 43, '34567', 'Deniz Cad. No: 43', 43),
(44, 4, 15, 44, 44, '45678', 'Kum Sok. No: 44', 44),
(45, 4, 15, 45, 45, '56789', 'Güneş Mah. No: 45', 45),
(46, 5, 16, 46, 46, '67890', 'Kale Cad. No: 46', 46),
(47, 5, 16, 47, 47, '78901', 'Sokak Sok. No: 47', 47),
(48, 5, 16, 48, 48, '89012', 'Park Mah. No: 48', 48),
(49, 5, 17, 49, 49, '90123', 'Göl Cad. No: 49', 49);

-- --------------------------------------------------------

--
-- Tablo için tablo yapısı `basket`
--

CREATE TABLE `basket` (
  `ID` int(11) NOT NULL,
  `USERID` int(11) DEFAULT NULL,
  `CREATEDDATE` datetime DEFAULT NULL,
  `LASTMODIFIEDDATE` datetime DEFAULT NULL,
  `ITEMCOUNT` int(11) DEFAULT NULL,
  `TOTALPRICE` float DEFAULT NULL,
  `STATUS_` int(11) DEFAULT NULL
) ENGINE=InnoDB DEFAULT CHARSET=utf8mb4 COLLATE=utf8mb4_general_ci;

--
-- Tablo döküm verisi `basket`
--

INSERT INTO `basket` (`ID`, `USERID`, `CREATEDDATE`, `LASTMODIFIEDDATE`, `ITEMCOUNT`, `TOTALPRICE`, `STATUS_`) VALUES
(1, 1, '2022-01-01 10:00:00', '2022-01-01 10:00:00', 3, 150.75, 1),
(2, 2, '2022-02-15 14:30:00', '2022-02-15 14:30:00', 2, 75.5, 1),
(3, 3, '2022-03-20 09:45:00', '2022-03-20 09:45:00', 4, 200.25, 2),
(4, 4, '2022-04-25 16:20:00', '2022-04-25 16:20:00', 1, 50.25, 1),
(5, 5, '2022-05-30 11:10:00', '2022-05-30 11:10:00', 3, 150.75, 2),
(6, 6, '2022-06-05 08:00:00', '2022-06-05 08:00:00', 2, 75.5, 1),
(7, 7, '2022-07-10 15:45:00', '2022-07-10 15:45:00', 5, 251.25, 2),
(8, 8, '2022-08-15 13:20:00', '2022-08-15 13:20:00', 1, 50.25, 1),
(9, 9, '2022-09-20 10:30:00', '2022-09-20 10:30:00', 4, 200.25, 1),
(10, 10, '2022-10-25 17:15:00', '2022-10-25 17:15:00', 3, 150.75, 2),
(11, 11, '2022-11-30 13:30:00', '2022-11-30 13:30:00', 2, 75.5, 1),
(12, 12, '2022-12-15 15:45:00', '2022-12-15 15:45:00', 4, 200.25, 2),
(13, 13, '2023-01-20 09:00:00', '2023-01-20 09:00:00', 1, 50.25, 1),
(14, 14, '2023-02-25 12:15:00', '2023-02-25 12:15:00', 3, 150.75, 2),
(15, 15, '2023-03-30 11:30:00', '2023-03-30 11:30:00', 2, 75.5, 1),
(16, 16, '2023-04-05 13:45:00', '2023-04-05 13:45:00', 5, 251.25, 1),
(17, 17, '2023-05-10 12:00:00', '2023-05-10 12:00:00', 1, 50.25, 2),
(18, 18, '2023-06-15 14:15:00', '2023-06-15 14:15:00', 4, 200.25, 1),
(19, 19, '2023-07-20 11:30:00', '2023-07-20 11:30:00', 3, 150.75, 2),
(20, 20, '2023-08-25 16:45:00', '2023-08-25 16:45:00', 2, 75.5, 1),
(21, 21, '2023-09-30 13:00:00', '2023-09-30 13:00:00', 4, 200.25, 2),
(22, 22, '2023-10-05 15:15:00', '2023-10-05 15:15:00', 1, 50.25, 1),
(23, 23, '2023-11-10 12:30:00', '2023-11-10 12:30:00', 3, 150.75, 1),
(24, 24, '2023-12-15 14:45:00', '2023-12-15 14:45:00', 2, 75.5, 2),
(25, 25, '2024-01-20 10:00:00', '2024-01-20 10:00:00', 5, 251.25, 1),
(26, 26, '2024-02-25 12:15:00', '2024-02-25 12:15:00', 1, 50.25, 2),
(27, 27, '2024-03-30 13:30:00', '2024-03-30 13:30:00', 4, 200.25, 1),
(28, 28, '2024-04-05 15:45:00', '2024-04-05 15:45:00', 3, 150.75, 1),
(29, 29, '2024-05-10 12:00:00', '2024-05-10 12:00:00', 2, 75.5, 2),
(30, 30, '2024-06-15 14:15:00', '2024-06-15 14:15:00', 4, 200.25, 1),
(31, 31, '2024-07-20 11:30:00', '2024-07-20 11:30:00', 3, 150.75, 2),
(32, 32, '2024-08-25 16:45:00', '2024-08-25 16:45:00', 2, 75.5, 1),
(33, 33, '2024-09-30 13:00:00', '2024-09-30 13:00:00', 4, 200.25, 2),
(34, 34, '2024-10-05 15:15:00', '2024-10-05 15:15:00', 1, 50.25, 1),
(35, 35, '2024-11-10 12:30:00', '2024-11-10 12:30:00', 3, 150.75, 1),
(36, 36, '2024-12-15 14:45:00', '2024-12-15 14:45:00', 2, 75.5, 2),
(37, 37, '2025-01-20 10:00:00', '2025-01-20 10:00:00', 5, 251.25, 1),
(38, 38, '2025-02-25 12:15:00', '2025-02-25 12:15:00', 1, 50.25, 2),
(39, 39, '2025-03-30 13:30:00', '2025-03-30 13:30:00', 4, 200.25, 1),
(40, 40, '2025-04-05 15:45:00', '2025-04-05 15:45:00', 3, 150.75, 1),
(41, 41, '2025-05-10 12:00:00', '2025-05-10 12:00:00', 2, 75.5, 2),
(42, 42, '2025-06-15 14:15:00', '2025-06-15 14:15:00', 4, 200.25, 1),
(43, 43, '2025-07-20 11:30:00', '2025-07-20 11:30:00', 3, 150.75, 2),
(44, 44, '2025-08-25 16:45:00', '2025-08-25 16:45:00', 2, 75.5, 1),
(45, 45, '2025-09-30 13:00:00', '2025-09-30 13:00:00', 4, 200.25, 2),
(46, 46, '2025-10-05 15:15:00', '2025-10-05 15:15:00', 1, 50.25, 1),
(47, 47, '2025-11-10 12:30:00', '2025-11-10 12:30:00', 3, 150.75, 1),
(48, 48, '2025-12-15 14:45:00', '2025-12-15 14:45:00', 2, 75.5, 2),
(49, 49, '2026-01-20 10:00:00', '2026-01-20 10:00:00', 5, 251.25, 1);

-- --------------------------------------------------------

--
-- Tablo için tablo yapısı `basketdetail`
--

CREATE TABLE `basketdetail` (
  `ID` int(11) NOT NULL,
  `BASKETID` int(11) DEFAULT NULL,
  `ITEMID` int(11) DEFAULT NULL,
  `AMOUNT` float DEFAULT NULL,
  `PRICE` float DEFAULT NULL,
  `TOTALPRICE` float DEFAULT NULL,
  `DATE_` datetime DEFAULT NULL
) ENGINE=InnoDB DEFAULT CHARSET=utf8mb4 COLLATE=utf8mb4_general_ci;

--
-- Tablo döküm verisi `basketdetail`
--

INSERT INTO `basketdetail` (`ID`, `BASKETID`, `ITEMID`, `AMOUNT`, `PRICE`, `TOTALPRICE`, `DATE_`) VALUES
(1, 1, 1, 2, 10.99, 21.98, '2023-01-01 10:00:00'),
(2, 1, 3, 1, 5.99, 5.99, '2023-01-01 10:00:00'),
(3, 2, 2, 3, 7.99, 23.97, '2023-01-02 14:30:00'),
(4, 2, 4, 2, 12.99, 25.98, '2023-01-02 14:30:00'),
(5, 3, 1, 1, 10.99, 10.99, '2023-01-03 09:45:00'),
(6, 3, 3, 2, 5.99, 11.98, '2023-01-03 09:45:00'),
(7, 4, 2, 3, 7.99, 23.97, '2023-01-04 16:20:00'),
(8, 4, 4, 1, 12.99, 12.99, '2023-01-04 16:20:00'),
(9, 5, 1, 2, 10.99, 21.98, '2023-01-05 11:10:00'),
(10, 5, 3, 3, 5.99, 17.97, '2023-01-05 11:10:00'),
(11, 6, 2, 1, 7.99, 7.99, '2023-01-06 08:00:00'),
(12, 6, 4, 2, 12.99, 25.98, '2023-01-06 08:00:00'),
(13, 7, 1, 3, 10.99, 32.97, '2023-01-07 15:45:00'),
(14, 7, 3, 1, 5.99, 5.99, '2023-01-07 15:45:00'),
(15, 8, 2, 2, 7.99, 15.98, '2023-01-08 13:20:00'),
(16, 8, 4, 3, 12.99, 38.97, '2023-01-08 13:20:00'),
(17, 9, 1, 1, 10.99, 10.99, '2023-01-09 10:30:00'),
(18, 9, 3, 2, 5.99, 11.98, '2023-01-09 10:30:00'),
(19, 10, 2, 3, 7.99, 23.97, '2023-01-10 17:15:00'),
(20, 10, 4, 1, 12.99, 12.99, '2023-01-10 17:15:00'),
(21, 11, 1, 2, 10.99, 21.98, '2023-01-11 13:30:00'),
(22, 11, 3, 3, 5.99, 17.97, '2023-01-11 13:30:00'),
(23, 12, 2, 1, 7.99, 7.99, '2023-01-12 15:45:00'),
(24, 12, 4, 2, 12.99, 25.98, '2023-01-12 15:45:00'),
(25, 13, 1, 3, 10.99, 32.97, '2023-01-13 11:00:00'),
(26, 13, 3, 1, 5.99, 5.99, '2023-01-13 11:00:00'),
(27, 14, 2, 2, 7.99, 15.98, '2023-01-14 16:30:00'),
(28, 14, 4, 3, 12.99, 38.97, '2023-01-14 16:30:00'),
(29, 15, 1, 1, 10.99, 10.99, '2023-01-15 14:45:00'),
(30, 15, 3, 2, 5.99, 11.98, '2023-01-15 14:45:00'),
(31, 16, 2, 3, 7.99, 23.97, '2023-01-16 10:00:00'),
(32, 16, 4, 1, 12.99, 12.99, '2023-01-16 10:00:00'),
(33, 17, 1, 2, 10.99, 21.98, '2023-01-17 15:00:00'),
(34, 17, 3, 3, 5.99, 17.97, '2023-01-17 15:00:00'),
(35, 18, 2, 1, 7.99, 7.99, '2023-01-18 13:15:00'),
(36, 18, 4, 2, 12.99, 25.98, '2023-01-18 13:15:00'),
(37, 19, 1, 3, 10.99, 32.97, '2023-01-19 15:30:00'),
(38, 19, 3, 1, 5.99, 5.99, '2023-01-19 15:30:00'),
(39, 20, 2, 2, 7.99, 15.98, '2023-01-20 12:45:00'),
(40, 20, 4, 3, 12.99, 38.97, '2023-01-20 12:45:00'),
(41, 21, 1, 1, 10.99, 10.99, '2023-01-21 14:00:00'),
(42, 21, 3, 2, 5.99, 11.98, '2023-01-21 14:00:00'),
(43, 22, 2, 3, 7.99, 23.97, '2023-01-22 11:15:00'),
(44, 22, 4, 1, 12.99, 12.99, '2023-01-22 11:15:00'),
(45, 23, 1, 2, 10.99, 21.98, '2023-01-23 15:30:00'),
(46, 23, 3, 3, 5.99, 17.97, '2023-01-23 15:30:00'),
(47, 24, 2, 1, 7.99, 7.99, '2023-01-24 13:45:00'),
(48, 24, 4, 2, 12.99, 25.98, '2023-01-24 13:45:00'),
(49, 25, 1, 3, 10.99, 32.97, '2023-01-25 16:00:00'),
(50, 25, 3, 1, 5.99, 5.99, '2023-01-25 16:00:00');

-- --------------------------------------------------------

--
-- Tablo için tablo yapısı `city`
--

CREATE TABLE `city` (
  `ID` int(11) NOT NULL,
  `CITY` varchar(100) DEFAULT NULL
) ENGINE=InnoDB DEFAULT CHARSET=utf8mb4 COLLATE=utf8mb4_general_ci;

--
-- Tablo döküm verisi `city`
--

INSERT INTO `city` (`ID`, `CITY`) VALUES
(1, 'İstanbul'),
(2, 'Ankara'),
(3, 'İzmir'),
(4, 'Bursa'),
(5, 'Adana'),
(6, 'Antalya'),
(7, 'Konya'),
(8, 'Gaziantep'),
(9, 'Şanlıurfa'),
(10, 'Mersin'),
(11, 'Eskişehir'),
(12, 'Diyarbakır'),
(13, 'Samsun'),
(14, 'Denizli'),
(15, 'Kocaeli'),
(16, 'Kayseri'),
(17, 'Sakarya'),
(18, 'Manisa'),
(19, 'Hatay'),
(20, 'Malatya'),
(21, 'Erzurum'),
(22, 'Trabzon'),
(23, 'Van'),
(24, 'Balıkesir'),
(25, 'Elazığ'),
(26, 'Kahramanmaraş'),
(27, 'Aydın'),
(28, 'Tekirdağ'),
(29, 'Sivas'),
(30, 'Muğla'),
(31, 'Ordu'),
(32, 'İzmit'),
(33, 'Çanakkale'),
(34, 'Ayvalık'),
(35, 'Alanya'),
(36, 'Afyonkarahisar'),
(37, 'Edirne'),
(38, 'Giresun'),
(39, 'Zonguldak'),
(40, 'Kütahya'),
(41, 'Yalova'),
(42, 'Rize'),
(43, 'Tokat'),
(44, 'Kastamonu'),
(45, 'Bolu'),
(46, 'Kırklareli'),
(47, 'Nevşehir'),
(48, 'Amasya'),
(49, 'Kırşehir'),
(50, 'Aksaray');

-- --------------------------------------------------------

--
-- Tablo için tablo yapısı `country`
--

CREATE TABLE `country` (
  `ID` int(11) NOT NULL,
  `COUNTRY` varchar(100) DEFAULT NULL
) ENGINE=InnoDB DEFAULT CHARSET=utf8mb4 COLLATE=utf8mb4_general_ci;

--
-- Tablo döküm verisi `country`
--

INSERT INTO `country` (`ID`, `COUNTRY`) VALUES
(1, 'Türkiye'),
(2, 'Almanya'),
(3, 'Fransa'),
(4, 'İtalya'),
(5, 'İspanya'),
(6, 'Hollanda'),
(7, 'İngiltere'),
(8, 'Yunanistan'),
(9, 'Rusya'),
(10, 'Belçika'),
(11, 'Portekiz'),
(12, 'İsveç'),
(13, 'Norveç'),
(14, 'Polonya'),
(15, 'Danimarka'),
(16, 'Çekya'),
(17, 'Macaristan'),
(18, 'İsviçre'),
(19, 'Avusturya'),
(20, 'Finlandiya'),
(21, 'Bulgaristan'),
(22, 'Romanya'),
(23, 'Slovakya'),
(24, 'Sırbistan'),
(25, 'Hırvatistan'),
(26, 'Ukrayna'),
(27, 'Litvanya'),
(28, 'Letonya'),
(29, 'Estonya'),
(30, 'Slovenya'),
(31, 'Bosna-Hersek'),
(32, 'Kosova'),
(33, 'Makedonya'),
(34, 'İrlanda'),
(35, 'İzlanda'),
(36, 'Gürcistan'),
(37, 'Moldova'),
(38, 'Belarus'),
(39, 'Kazakistan'),
(40, 'Özbekistan'),
(41, 'Kırgızistan'),
(42, 'Türkmenistan'),
(43, 'Azerbaycan'),
(44, 'Arnavutluk'),
(45, 'Karadağ'),
(46, 'Lüksemburg'),
(47, 'Malta'),
(48, 'Andorra');

-- --------------------------------------------------------

--
-- Tablo için tablo yapısı `district`
--

CREATE TABLE `district` (
  `ID` int(11) NOT NULL,
  `DISTRICT` varchar(100) DEFAULT NULL
) ENGINE=InnoDB DEFAULT CHARSET=utf8mb4 COLLATE=utf8mb4_general_ci;

--
-- Tablo döküm verisi `district`
--

INSERT INTO `district` (`ID`, `DISTRICT`) VALUES
(1, 'Merkez'),
(2, 'Kemalpaşa'),
(3, 'Karşıyaka'),
(4, 'Bornova'),
(5, 'Gaziemir'),
(6, 'Konak'),
(7, 'Çiğli'),
(8, 'Buca'),
(9, 'Balçova'),
(10, 'Narlıdere'),
(11, 'Bayraklı'),
(12, 'Alsancak'),
(13, 'Kordon'),
(14, 'Güzelbahçe'),
(15, 'Urla'),
(16, 'Karaburun'),
(17, 'Çeşme'),
(18, 'Seferihisar'),
(19, 'Menemen'),
(20, 'Torbalı'),
(21, 'Foça'),
(22, 'Dikili'),
(23, 'Bergama'),
(24, 'Aliağa'),
(25, 'Kınık'),
(26, 'Kiraz'),
(27, 'Ödemiş'),
(28, 'Beydağ'),
(29, 'Beykoz'),
(30, 'Üsküdar'),
(31, 'Kadıköy'),
(32, 'Maltepe'),
(33, 'Pendik'),
(34, 'Kartal'),
(35, 'Ataşehir'),
(36, 'Ümraniye'),
(37, 'Sancaktepe'),
(38, 'Çekmeköy'),
(39, 'Tuzla'),
(40, 'Sultanbeyli'),
(41, 'Beylikdüzü'),
(42, 'Avcılar'),
(43, 'Bağcılar'),
(44, 'Esenler'),
(45, 'Küçükçekmece'),
(46, 'Büyükçekmece'),
(47, 'Arnavutköy'),
(48, 'Sultangazi'),
(49, 'Eyüpsultan'),
(50, 'Bayrampaşa');

-- --------------------------------------------------------

--
-- Tablo için tablo yapısı `invoice`
--

CREATE TABLE `invoice` (
  `ID` int(11) NOT NULL,
  `ORDERID` int(11) DEFAULT NULL,
  `INVOICENO` varchar(50) DEFAULT NULL,
  `DATE_` datetime DEFAULT NULL,
  `CARGOFICHENO` varchar(50) DEFAULT NULL,
  `STATUS_` int(11) DEFAULT NULL
) ENGINE=InnoDB DEFAULT CHARSET=utf8mb4 COLLATE=utf8mb4_general_ci;

--
-- Tablo döküm verisi `invoice`
--

INSERT INTO `invoice` (`ID`, `ORDERID`, `INVOICENO`, `DATE_`, `CARGOFICHENO`, `STATUS_`) VALUES
(1, 1, 'FAT-2023001', '2023-01-01 10:00:00', '123456789', 1),
(2, 2, 'FAT-2023002', '2023-01-02 11:30:00', '234567890', 1),
(3, 3, 'FAT-2023003', '2023-01-03 12:45:00', '345678901', 1),
(4, 4, 'FAT-2023004', '2023-01-04 09:15:00', '456789012', 1),
(5, 5, 'FAT-2023005', '2023-01-05 14:20:00', '567890123', 1),
(6, 6, 'FAT-2023006', '2023-01-06 16:30:00', '678901234', 1),
(7, 7, 'FAT-2023007', '2023-01-07 10:45:00', '789012345', 1),
(8, 8, 'FAT-2023008', '2023-01-08 11:00:00', '890123456', 1),
(9, 9, 'FAT-2023009', '2023-01-09 13:15:00', '901234567', 1),
(10, 10, 'FAT-2023010', '2023-01-10 15:30:00', '012345678', 1),
(11, 11, 'FAT-2023011', '2023-01-11 09:45:00', '123456789', 1),
(12, 12, 'FAT-2023012', '2023-01-12 12:00:00', '234567890', 1),
(13, 13, 'FAT-2023013', '2023-01-13 14:30:00', '345678901', 1),
(14, 14, 'FAT-2023014', '2023-01-14 11:15:00', '456789012', 1),
(15, 15, 'FAT-2023015', '2023-01-15 13:45:00', '567890123', 1),
(16, 16, 'FAT-2023016', '2023-01-16 16:00:00', '678901234', 1),
(17, 17, 'FAT-2023017', '2023-01-17 10:30:00', '789012345', 1),
(18, 18, 'FAT-2023018', '2023-01-18 12:45:00', '890123456', 1),
(19, 19, 'FAT-2023019', '2023-01-19 14:15:00', '901234567', 1),
(20, 20, 'FAT-2023020', '2023-01-20 09:30:00', '012345678', 1),
(21, 21, 'FAT-2023021', '2023-01-21 11:45:00', '123456789', 1),
(22, 22, 'FAT-2023022', '2023-01-22 13:00:00', '234567890', 1),
(23, 23, 'FAT-2023023', '2023-01-23 15:30:00', '345678901', 1),
(24, 24, 'FAT-2023024', '2023-01-24 10:15:00', '456789012', 1),
(25, 25, 'FAT-2023025', '2023-01-25 12:30:00', '567890123', 1),
(26, 26, 'FAT-2023026', '2023-01-26 14:45:00', '678901234', 1),
(27, 27, 'FAT-2023027', '2023-01-27 09:45:00', '789012345', 1),
(28, 28, 'FAT-2023028', '2023-01-28 12:00:00', '890123456', 1),
(29, 29, 'FAT-2023029', '2023-01-29 14:30:00', '901234567', 1),
(30, 30, 'FAT-2023030', '2023-01-30 11:30:00', '012345678', 1),
(31, 31, 'FAT-2023031', '2023-01-31 13:45:00', '123456789', 1),
(32, 32, 'FAT-2023032', '2023-02-01 16:00:00', '234567890', 1),
(33, 33, 'FAT-2023033', '2023-02-02 10:00:00', '345678901', 1),
(34, 34, 'FAT-2023034', '2023-02-03 12:15:00', '456789012', 1),
(35, 35, 'FAT-2023035', '2023-02-04 14:30:00', '567890123', 1),
(36, 36, 'FAT-2023036', '2023-02-05 10:30:00', '678901234', 1),
(37, 37, 'FAT-2023037', '2023-02-06 12:45:00', '789012345', 1),
(38, 38, 'FAT-2023038', '2023-02-07 14:00:00', '890123456', 1),
(39, 39, 'FAT-2023039', '2023-02-08 09:15:00', '901234567', 1),
(40, 40, 'FAT-2023040', '2023-02-09 11:30:00', '012345678', 1),
(41, 41, 'FAT-2023041', '2023-02-10 13:45:00', '123456789', 1),
(42, 42, 'FAT-2023042', '2023-02-11 16:00:00', '234567890', 1),
(43, 43, 'FAT-2023043', '2023-02-12 10:00:00', '345678901', 1),
(44, 44, 'FAT-2023044', '2023-02-13 12:15:00', '456789012', 1),
(45, 45, 'FAT-2023045', '2023-02-14 14:30:00', '567890123', 1),
(46, 46, 'FAT-2023046', '2023-02-15 10:30:00', '678901234', 1),
(47, 47, 'FAT-2023047', '2023-02-16 12:45:00', '789012345', 1),
(48, 48, 'FAT-2023048', '2023-02-17 14:00:00', '890123456', 1),
(49, 49, 'FAT-2023049', '2023-02-18 09:15:00', '901234567', 1),
(50, 50, 'FAT-2023050', '2023-02-19 11:30:00', '012345678', 1);

-- --------------------------------------------------------

--
-- Tablo için tablo yapısı `invoicedetail`
--

CREATE TABLE `invoicedetail` (
  `ID` int(11) NOT NULL,
  `INVOICEID` int(11) DEFAULT NULL,
  `ORDERDETAILID` int(11) DEFAULT NULL,
  `ITEMID` int(11) DEFAULT NULL,
  `PRICE` float DEFAULT NULL,
  `AMOUNT` float DEFAULT NULL
) ENGINE=InnoDB DEFAULT CHARSET=utf8mb4 COLLATE=utf8mb4_general_ci;

--
-- Tablo döküm verisi `invoicedetail`
--

INSERT INTO `invoicedetail` (`ID`, `INVOICEID`, `ORDERDETAILID`, `ITEMID`, `PRICE`, `AMOUNT`) VALUES
(1, 1, 1, 1, 10.99, 2),
(2, 1, 2, 2, 24.9, 1),
(3, 2, 3, 3, 15.5, 3),
(4, 2, 4, 4, 5.75, 4),
(5, 3, 5, 5, 8.99, 2),
(6, 3, 6, 6, 12.25, 1),
(7, 4, 7, 7, 18.75, 3),
(8, 4, 8, 8, 9.99, 2),
(9, 5, 9, 9, 14.5, 1),
(10, 5, 10, 10, 6.99, 4),
(11, 6, 11, 11, 11.99, 3),
(12, 6, 12, 12, 8.5, 2),
(13, 7, 13, 13, 9.99, 2),
(14, 7, 14, 14, 6.75, 1),
(15, 8, 15, 15, 7.99, 4),
(16, 8, 16, 16, 12.5, 1),
(17, 9, 17, 17, 5.99, 2),
(18, 9, 18, 18, 9.25, 3),
(19, 10, 19, 19, 14.99, 1),
(20, 10, 20, 20, 10.75, 2),
(21, 11, 21, 21, 6.99, 3),
(22, 11, 22, 22, 11.5, 1),
(23, 12, 23, 23, 12.99, 1),
(24, 12, 24, 24, 8.75, 2),
(25, 13, 25, 25, 7.99, 4),
(26, 13, 26, 26, 14.5, 1),
(27, 14, 27, 27, 9.99, 2),
(28, 14, 28, 28, 6.75, 1),
(29, 15, 29, 29, 8.99, 3),
(30, 15, 30, 30, 11.25, 1),
(31, 16, 31, 31, 10.99, 2),
(32, 16, 32, 32, 24.9, 1),
(33, 17, 33, 33, 15.5, 3),
(34, 17, 34, 34, 5.75, 4),
(35, 18, 35, 35, 8.99, 2),
(36, 18, 36, 36, 12.25, 1),
(37, 19, 37, 37, 18.75, 3),
(38, 19, 38, 38, 9.99, 2),
(39, 20, 39, 39, 14.5, 1),
(40, 20, 40, 40, 6.99, 4),
(41, 21, 41, 41, 11.99, 3),
(42, 21, 42, 42, 8.5, 2),
(43, 22, 43, 43, 9.99, 2),
(44, 22, 44, 44, 6.75, 1),
(45, 23, 45, 45, 7.99, 4),
(46, 23, 46, 46, 12.5, 1),
(47, 24, 47, 47, 5.99, 2),
(48, 24, 48, 48, 9.25, 3),
(49, 25, 49, 49, 14.99, 1),
(50, 25, 50, 50, 10.75, 2);

-- --------------------------------------------------------

--
-- Tablo için tablo yapısı `item`
--

CREATE TABLE `item` (
  `ID` int(11) NOT NULL,
  `ITEMCODE` varchar(20) DEFAULT NULL,
  `ITEMNAME` varchar(100) DEFAULT NULL,
  `PRICE` float DEFAULT NULL,
  `CATEGORY1` varchar(50) DEFAULT NULL,
  `CATEGORY2` varchar(50) DEFAULT NULL,
  `CATEGORY3` varchar(50) DEFAULT NULL
) ENGINE=InnoDB DEFAULT CHARSET=utf8mb4 COLLATE=utf8mb4_general_ci;

--
-- Tablo döküm verisi `item`
--

INSERT INTO `item` (`ID`, `ITEMCODE`, `ITEMNAME`, `PRICE`, `CATEGORY1`, `CATEGORY2`, `CATEGORY3`) VALUES
(1, 'K001', 'Kalem', 5.99, 'Ofis Malzemeleri', 'Kırtasiye', 'Yazma Araçları'),
(2, 'D002', 'Defter', 9.99, 'Ofis Malzemeleri', 'Kırtasiye', 'Defterler'),
(3, 'D003', 'Ajanda', 19.99, 'Ofis Malzemeleri', 'Kırtasiye', 'Ajandalar'),
(4, 'K004', 'Kalemlik', 12.99, 'Ofis Malzemeleri', 'Kırtasiye', 'Ofis Organizasyonu'),
(5, 'K005', 'Kurşun Kalem', 3.99, 'Ofis Malzemeleri', 'Kırtasiye', 'Yazma Araçları'),
(6, 'H006', 'Hesap Makinesi', 39.99, 'Ofis Malzemeleri', 'Elektronik', 'Ofis Cihazları'),
(7, 'B007', 'Beyaz Tahta', 49.99, 'Ofis Malzemeleri', 'Kırtasiye', 'Okul Malzemeleri'),
(8, 'K008', 'Keçeli Kalem', 2.99, 'Ofis Malzemeleri', 'Kırtasiye', 'Yazma Araçları'),
(9, 'Y009', 'Yazıcı', 299.99, 'Ofis Malzemeleri', 'Bilgisayar', 'Yazıcılar'),
(10, 'K010', 'Kartuş', 39.99, 'Ofis Malzemeleri', 'Bilgisayar', 'Yazıcı Malzemeleri'),
(11, 'B011', 'Bant', 4.99, 'Ofis Malzemeleri', 'Kırtasiye', 'Yapıştırma Malzemeleri'),
(12, 'M012', 'Makas', 7.99, 'Ofis Malzemeleri', 'Kırtasiye', 'Kesme Araçları'),
(13, 'T013', 'Tükenmez Kalem', 6.99, 'Ofis Malzemeleri', 'Kırtasiye', 'Yazma Araçları'),
(14, 'H014', 'Hartur', 19.99, 'Ev Eşyaları', 'Mutfak', 'Mutfak Gereçleri'),
(15, 'P015', 'Pasta Tablası', 29.99, 'Ev Eşyaları', 'Mutfak', 'Pişirme Araçları'),
(16, 'S016', 'Sürahi', 14.99, 'Ev Eşyaları', 'Mutfak', 'Saklama Kapları'),
(17, 'B017', 'Bardak', 4.99, 'Ev Eşyaları', 'Mutfak', 'Bardaklar'),
(18, 'T018', 'Tencere', 79.99, 'Ev Eşyaları', 'Mutfak', 'Tencereler'),
(19, 'C019', 'Çatal Bıçak Seti', 49.99, 'Ev Eşyaları', 'Mutfak', 'Yemek Takımları'),
(20, 'M020', 'Masa Örtüsü', 24.99, 'Ev Eşyaları', 'Mutfak', 'Mutfak Tekstili'),
(21, 'K021', 'Kurutma Makinesi', 199.99, 'Ev Eşyaları', 'Elektronik', 'Ev Aletleri'),
(22, 'S022', 'Süpürge', 149.99, 'Ev Eşyaları', 'Elektronik', 'Temizlik Aletleri'),
(23, 'D023', 'Dolap', 299.99, 'Ev Eşyaları', 'Mobilya', 'Dolaplar'),
(24, 'S024', 'Sandalye', 49.99, 'Ev Eşyaları', 'Mobilya', 'Sandalyeler'),
(25, 'M025', 'Masa', 99.99, 'Ev Eşyaları', 'Mobilya', 'Masalar'),
(26, 'K026', 'Kanepe', 599.99, 'Ev Eşyaları', 'Mobilya', 'Koltuklar'),
(27, 'Y027', 'Yatak', 799.99, 'Ev Eşyaları', 'Mobilya', 'Yataklar'),
(28, 'P028', 'Perde', 49.99, 'Ev Eşyaları', 'Ev Dekorasyonu', 'Perdeler'),
(29, 'D029', 'Dekoratif Tablo', 79.99, 'Ev Eşyaları', 'Ev Dekorasyonu', 'Duvar Süsleri'),
(30, 'M030', 'Mum', 9.99, 'Ev Eşyaları', 'Ev Dekorasyonu', 'Aydınlatma'),
(31, 'H031', 'Halı', 149.99, 'Ev Eşyaları', 'Ev Dekorasyonu', 'Halılar'),
(32, 'Y032', 'Yastık', 19.99, 'Ev Eşyaları', 'Ev Dekorasyonu', 'Yastıklar'),
(33, 'K033', 'Kapı', 249.99, 'Ev Eşyaları', 'İnşaat', 'Kapılar'),
(34, 'P034', 'Pencere', 199.99, 'Ev Eşyaları', 'İnşaat', 'Pencereler'),
(35, 'T035', 'Tuğla', 1.99, 'Ev Eşyaları', 'İnşaat', 'İnşaat Malzemeleri'),
(36, 'S036', 'Sıva', 14.99, 'Ev Eşyaları', 'İnşaat', 'İnşaat Malzemeleri'),
(37, 'T037', 'Tuvalet', 199.99, 'Ev Eşyaları', 'Banyo', 'Tuvaletler'),
(38, 'L038', 'Lavabo', 149.99, 'Ev Eşyaları', 'Banyo', 'Lavabolar'),
(39, 'B039', 'Bide', 99.99, 'Ev Eşyaları', 'Banyo', 'Bide'),
(40, 'D040', 'Duşakabin', 299.99, 'Ev Eşyaları', 'Banyo', 'Duşakabinler'),
(41, 'H041', 'Havlu', 9.99, 'Ev Eşyaları', 'Banyo', 'Havlu Takımları'),
(42, 'K042', 'Kozmetik Seti', 29.99, 'Kişisel Bakım', 'Makyaj', 'Makyaj Setleri'),
(43, 'S043', 'Şampuan', 12.99, 'Kişisel Bakım', 'Saç Bakımı', 'Şampuanlar'),
(44, 'K044', 'Krem', 19.99, 'Kişisel Bakım', 'Cilt Bakımı', 'Kremler'),
(45, 'D045', 'Deodorant', 9.99, 'Kişisel Bakım', 'Vücut Bakımı', 'Deodorantlar'),
(46, 'T046', 'Tıraş Bıçağı', 14.99, 'Kişisel Bakım', 'Tıraş Ürünleri', 'Tıraş Bıçakları'),
(47, 'Y047', 'Yüz Maskesi', 7.99, 'Kişisel Bakım', 'Cilt Bakımı', 'Yüz Maskeleri'),
(48, 'M048', 'Makyaj Fırçası', 9.99, 'Kişisel Bakım', 'Makyaj', 'Makyaj Fırçaları'),
(49, 'T049', 'Traş Köpüğü', 8.99, 'Kişisel Bakım', 'Tıraş Ürünleri', 'Tıraş Köpükleri'),
(50, 'T050', 'Tırnak Makası', 5.99, 'Kişisel Bakım', 'Tırnak Bakımı', 'Tırnak Makasları');

-- --------------------------------------------------------

--
-- Tablo için tablo yapısı `order`
--

CREATE TABLE `order` (
  `ID` int(11) NOT NULL,
  `USERID` int(11) DEFAULT NULL,
  `BASKETID` int(11) DEFAULT NULL,
  `CREATEDDATE` datetime DEFAULT NULL,
  `ITEMCOUNT` int(11) DEFAULT NULL,
  `TOTALPRICE` float DEFAULT NULL,
  `STATUS_` int(11) DEFAULT NULL
) ENGINE=InnoDB DEFAULT CHARSET=utf8mb4 COLLATE=utf8mb4_general_ci;

--
-- Tablo döküm verisi `order`
--

INSERT INTO `order` (`ID`, `USERID`, `BASKETID`, `CREATEDDATE`, `ITEMCOUNT`, `TOTALPRICE`, `STATUS_`) VALUES
(1, 1, 1, '2023-01-01 10:00:00', 3, 150, 1),
(2, 2, 2, '2023-02-02 14:30:00', 2, 100, 1),
(3, 3, 3, '2023-03-03 09:45:00', 1, 50, 0),
(4, 4, 4, '2023-04-04 16:20:00', 4, 200, 1),
(5, 5, 5, '2023-05-05 11:10:00', 2, 100, 1),
(6, 6, 6, '2023-06-06 08:00:00', 3, 150, 0),
(7, 7, 7, '2023-07-07 15:45:00', 1, 50, 1),
(8, 8, 8, '2023-08-08 13:20:00', 2, 100, 0),
(9, 9, 9, '2023-09-09 10:30:00', 4, 200, 1),
(10, 10, 10, '2023-10-10 17:15:00', 3, 150, 1),
(11, 11, 11, '2023-11-11 10:00:00', 2, 100, 0),
(12, 12, 12, '2023-12-12 14:30:00', 1, 50, 1),
(13, 13, 13, '2024-01-01 09:45:00', 4, 200, 1),
(14, 14, 14, '2024-02-02 16:20:00', 3, 150, 0),
(15, 15, 15, '2024-03-03 11:10:00', 2, 100, 1),
(16, 16, 16, '2024-04-04 08:00:00', 1, 50, 0),
(17, 17, 17, '2024-05-05 15:45:00', 4, 200, 1),
(18, 18, 18, '2024-06-06 13:20:00', 3, 150, 1),
(19, 19, 19, '2024-07-07 10:30:00', 2, 100, 0),
(20, 20, 20, '2024-08-08 17:15:00', 1, 50, 1),
(21, 21, 21, '2024-09-09 10:00:00', 4, 200, 0),
(22, 22, 22, '2024-10-10 14:30:00', 3, 150, 1),
(23, 23, 23, '2024-11-11 09:45:00', 2, 100, 1),
(24, 24, 24, '2024-12-12 16:20:00', 1, 50, 0),
(25, 25, 25, '2025-01-01 11:10:00', 4, 200, 1),
(26, 26, 26, '2025-02-02 08:00:00', 3, 150, 1),
(27, 27, 27, '2025-03-03 15:45:00', 2, 100, 0),
(28, 28, 28, '2025-04-04 13:20:00', 1, 50, 1),
(29, 29, 29, '2025-05-05 10:30:00', 4, 200, 1),
(30, 30, 30, '2025-06-06 17:15:00', 3, 150, 0),
(31, 31, 31, '2025-07-07 10:00:00', 2, 100, 1),
(32, 32, 32, '2025-08-08 14:30:00', 1, 50, 0),
(33, 33, 33, '2025-09-09 09:45:00', 4, 200, 1),
(34, 34, 34, '2025-10-10 16:20:00', 3, 150, 1),
(35, 35, 35, '2025-11-11 11:10:00', 2, 100, 0),
(36, 36, 36, '2025-12-12 08:00:00', 1, 50, 1),
(37, 37, 37, '2026-01-01 15:45:00', 4, 200, 1),
(38, 38, 38, '2026-02-02 13:20:00', 3, 150, 0),
(39, 39, 39, '2026-03-03 10:30:00', 2, 100, 1),
(40, 40, 40, '2026-04-04 17:15:00', 1, 50, 1),
(41, 41, 41, '2026-05-05 10:00:00', 4, 200, 0),
(42, 42, 42, '2026-06-06 14:30:00', 3, 150, 1),
(43, 43, 43, '2026-07-07 09:45:00', 2, 100, 1),
(44, 44, 44, '2026-08-08 16:20:00', 1, 50, 0),
(45, 45, 45, '2026-09-09 11:10:00', 4, 200, 1),
(46, 46, 46, '2026-10-10 08:00:00', 3, 150, 1),
(47, 47, 47, '2026-11-11 15:45:00', 2, 100, 0),
(48, 48, 48, '2026-12-12 13:20:00', 1, 50, 1),
(49, 49, 49, '2027-01-01 10:30:00', 4, 200, 1),
(50, 50, 50, '2027-02-02 17:15:00', 3, 150, 0);

-- --------------------------------------------------------

--
-- Tablo için tablo yapısı `orderdetail`
--

CREATE TABLE `orderdetail` (
  `ID` int(11) NOT NULL,
  `ORDERID` int(11) DEFAULT NULL,
  `BASKETDETAILID` int(11) DEFAULT NULL,
  `ITEMID` int(11) DEFAULT NULL,
  `AMOUNT` float DEFAULT NULL,
  `PRICE` float DEFAULT NULL,
  `TOTALPRICE` float DEFAULT NULL
) ENGINE=InnoDB DEFAULT CHARSET=utf8mb4 COLLATE=utf8mb4_general_ci;

--
-- Tablo döküm verisi `orderdetail`
--

INSERT INTO `orderdetail` (`ID`, `ORDERID`, `BASKETDETAILID`, `ITEMID`, `AMOUNT`, `PRICE`, `TOTALPRICE`) VALUES
(1, 1, 1, 1, 2, 10.99, 21.98),
(2, 1, 2, 3, 1, 15.5, 15.5),
(3, 1, 3, 5, 3, 5.99, 17.97),
(4, 2, 4, 2, 1, 12.75, 12.75),
(5, 2, 5, 4, 2, 8.25, 16.5),
(6, 3, 6, 6, 1, 7.5, 7.5),
(7, 3, 7, 1, 3, 10.99, 32.97),
(8, 3, 8, 3, 2, 15.5, 31),
(9, 4, 9, 5, 1, 5.99, 5.99),
(10, 4, 10, 2, 2, 12.75, 25.5),
(11, 4, 11, 4, 3, 8.25, 24.75),
(12, 5, 12, 6, 1, 7.5, 7.5),
(13, 5, 13, 1, 2, 10.99, 21.98),
(14, 5, 14, 3, 1, 15.5, 15.5),
(15, 6, 15, 5, 3, 5.99, 17.97),
(16, 6, 16, 2, 1, 12.75, 12.75),
(17, 7, 17, 4, 2, 8.25, 16.5),
(18, 7, 18, 6, 1, 7.5, 7.5),
(19, 7, 19, 1, 3, 10.99, 32.97),
(20, 8, 20, 3, 2, 15.5, 31),
(21, 8, 21, 5, 1, 5.99, 5.99),
(22, 8, 22, 2, 2, 12.75, 25.5),
(23, 9, 23, 4, 3, 8.25, 24.75),
(24, 9, 24, 6, 1, 7.5, 7.5),
(25, 9, 25, 1, 2, 10.99, 21.98),
(26, 10, 26, 3, 1, 15.5, 15.5),
(27, 10, 27, 5, 3, 5.99, 17.97),
(28, 10, 28, 2, 1, 12.75, 12.75),
(29, 11, 29, 4, 2, 8.25, 16.5),
(30, 11, 30, 6, 1, 7.5, 7.5),
(31, 11, 31, 1, 3, 10.99, 32.97),
(32, 12, 32, 3, 2, 15.5, 31),
(33, 12, 33, 5, 1, 5.99, 5.99),
(34, 12, 34, 2, 2, 12.75, 25.5),
(35, 13, 35, 4, 3, 8.25, 24.75),
(36, 13, 36, 6, 1, 7.5, 7.5),
(37, 13, 37, 1, 2, 10.99, 21.98),
(38, 14, 38, 3, 1, 15.5, 15.5),
(39, 14, 39, 5, 3, 5.99, 17.97),
(40, 14, 40, 2, 1, 12.75, 12.75),
(41, 15, 41, 4, 2, 8.25, 16.5),
(42, 15, 42, 6, 1, 7.5, 7.5),
(43, 15, 43, 1, 3, 10.99, 32.97),
(44, 16, 44, 3, 2, 15.5, 31),
(45, 16, 45, 5, 1, 5.99, 5.99),
(46, 16, 46, 2, 2, 12.75, 25.5),
(47, 17, 47, 4, 3, 8.25, 24.75),
(48, 17, 48, 6, 1, 7.5, 7.5),
(49, 17, 49, 1, 2, 10.99, 21.98),
(50, 18, 50, 3, 1, 15.5, 15.5);

-- --------------------------------------------------------

--
-- Tablo için tablo yapısı `payment`
--

CREATE TABLE `payment` (
  `ID` int(11) NOT NULL,
  `BASKETID` int(11) DEFAULT NULL,
  `TOTALPRICE` float DEFAULT NULL,
  `PAYMENTTYPE` int(11) DEFAULT NULL,
  `DATE_` datetime DEFAULT NULL,
  `ISOK` bit(1) DEFAULT NULL,
  `APPROVECODE` varchar(20) DEFAULT NULL,
  `ERROR_` varchar(1000) DEFAULT NULL
) ENGINE=InnoDB DEFAULT CHARSET=utf8mb4 COLLATE=utf8mb4_general_ci;

--
-- Tablo döküm verisi `payment`
--

INSERT INTO `payment` (`ID`, `BASKETID`, `TOTALPRICE`, `PAYMENTTYPE`, `DATE_`, `ISOK`, `APPROVECODE`, `ERROR_`) VALUES
(1, 1, 150.5, 1, '2022-01-01 10:00:00', b'1', '123456', NULL),
(2, 2, 75.25, 2, '2022-02-15 14:30:00', b'1', '987654', NULL),
(3, 3, 200, 1, '2022-03-20 09:45:00', b'1', '456789', NULL),
(4, 4, 80, 3, '2022-04-25 16:20:00', b'0', NULL, 'Kredi kartı hatası'),
(5, 5, 120.75, 1, '2022-05-30 11:10:00', b'1', '567890', NULL),
(6, 6, 90.5, 2, '2022-06-05 08:00:00', b'1', '234567', NULL),
(7, 7, 65.25, 1, '2022-07-10 15:45:00', b'1', '789012', NULL),
(8, 8, 150, 3, '2022-08-15 13:20:00', b'0', NULL, 'Banka bağlantı hatası'),
(9, 9, 110, 1, '2022-09-20 10:30:00', b'1', '345678', NULL),
(10, 10, 95.75, 2, '2022-10-25 17:15:00', b'1', '901234', NULL),
(11, 11, 70.5, 1, '2022-11-30 10:00:00', b'1', '456789', NULL),
(12, 12, 125.25, 2, '2022-12-15 14:30:00', b'1', '012345', NULL),
(13, 13, 180, 1, '2023-01-20 09:45:00', b'1', '567890', NULL),
(14, 14, 85.5, 3, '2023-02-25 16:20:00', b'0', NULL, 'Ödeme reddedildi'),
(15, 15, 100.75, 1, '2023-03-30 11:10:00', b'1', '234567', NULL),
(16, 16, 120, 2, '2023-04-05 08:00:00', b'1', '789012', NULL),
(17, 17, 70, 1, '2023-05-10 15:45:00', b'1', '345678', NULL),
(18, 18, 95.25, 3, '2023-06-15 13:20:00', b'0', NULL, 'Kart limiti aşıldı'),
(19, 19, 115.5, 1, '2023-07-20 10:30:00', b'1', '901234', NULL),
(20, 20, 80.75, 2, '2023-08-25 17:15:00', b'1', '456789', NULL),
(21, 21, 60.5, 1, '2023-09-30 13:30:00', b'1', '012345', NULL),
(22, 22, 135.25, 2, '2023-10-05 15:45:00', b'1', '567890', NULL),
(23, 23, 190, 1, '2023-11-10 11:00:00', b'1', '234567', NULL),
(24, 24, 75.5, 3, '2023-12-15 09:15:00', b'0', NULL, 'Geçersiz kart numarası'),
(25, 25, 105.75, 1, '2024-01-20 16:30:00', b'1', '789012', NULL),
(26, 26, 130, 2, '2024-02-25 14:45:00', b'1', '345678', NULL),
(27, 27, 55, 1, '2024-03-30 10:00:00', b'1', '901234', NULL),
(28, 28, 75.25, 3, '2024-04-05 13:15:00', b'0', NULL, 'Hesap bakiyesi yetersiz'),
(29, 29, 95.5, 1, '2024-05-10 12:30:00', b'1', '456789', NULL),
(30, 30, 150.25, 2, '2024-06-15 14:45:00', b'1', '012345', NULL),
(31, 31, 175, 1, '2024-07-20 15:00:00', b'1', '567890', NULL),
(32, 32, 70.5, 3, '2024-08-25 12:15:00', b'0', NULL, 'Geçersiz CVV'),
(33, 33, 100.75, 1, '2024-09-30 14:30:00', b'1', '789012', NULL),
(34, 34, 125, 2, '2024-10-05 10:45:00', b'1', '345678', NULL),
(35, 35, 85, 1, '2024-11-10 16:00:00', b'1', '901234', NULL),
(36, 36, 65.25, 3, '2024-12-15 13:15:00', b'0', NULL, 'Kart sahibi bulunamadı'),
(37, 37, 110.5, 1, '2025-01-20 11:30:00', b'1', '456789', NULL),
(38, 38, 145.25, 2, '2025-02-25 14:45:00', b'1', '012345', NULL),
(39, 39, 160, 1, '2025-03-30 13:00:00', b'1', '567890', NULL),
(40, 40, 75.5, 3, '2025-04-05 15:15:00', b'0', NULL, 'Ödeme zaman aşımına uğradı'),
(41, 41, 95.75, 1, '2025-05-10 12:30:00', b'1', '789012', NULL),
(42, 42, 120.25, 2, '2025-06-15 11:45:00', b'1', '345678', NULL),
(43, 43, 170, 1, '2025-07-20 15:00:00', b'1', '901234', NULL),
(44, 44, 80.5, 3, '2025-08-25 12:15:00', b'0', NULL, 'Geçersiz işlem'),
(45, 45, 105.75, 1, '2025-09-30 14:30:00', b'1', '456789', NULL),
(46, 46, 140, 2, '2025-10-05 10:45:00', b'1', '012345', NULL),
(47, 47, 150, 1, '2025-11-10 16:00:00', b'1', '567890', NULL),
(48, 48, 75.25, 3, '2025-12-15 13:15:00', b'0', NULL, 'Banka onay hatası'),
(49, 49, 100.5, 1, '2026-01-20 11:30:00', b'1', '789012', NULL);

-- --------------------------------------------------------

--
-- Tablo için tablo yapısı `town`
--

CREATE TABLE `town` (
  `ID` int(11) NOT NULL,
  `TOWN` varchar(100) DEFAULT NULL
) ENGINE=InnoDB DEFAULT CHARSET=utf8mb4 COLLATE=utf8mb4_general_ci;

--
-- Tablo döküm verisi `town`
--

INSERT INTO `town` (`ID`, `TOWN`) VALUES
(1, 'Adalar'),
(2, 'Arnavutköy'),
(3, 'Ataşehir'),
(4, 'Avcılar'),
(5, 'Bağcılar'),
(6, 'Bahçelievler'),
(7, 'Bakırköy'),
(8, 'Başakşehir'),
(9, 'Bayrampaşa'),
(10, 'Beşiktaş'),
(11, 'Beykoz'),
(12, 'Beylikdüzü'),
(13, 'Beyoğlu'),
(14, 'Büyükçekmece'),
(15, 'Çatalca'),
(16, 'Çekmeköy'),
(17, 'Esenler'),
(18, 'Esenyurt'),
(19, 'Eyüpsultan'),
(20, 'Fatih'),
(21, 'Gaziosmanpaşa'),
(22, 'Güngören'),
(23, 'Kadıköy'),
(24, 'Kağıthane'),
(25, 'Kartal'),
(26, 'Küçükçekmece'),
(27, 'Maltepe'),
(28, 'Pendik'),
(29, 'Sancaktepe'),
(30, 'Sarıyer'),
(31, 'Silivri'),
(32, 'Sultanbeyli'),
(33, 'Sultangazi'),
(34, 'Şile'),
(35, 'Şişli'),
(36, 'Tuzla'),
(37, 'Ümraniye'),
(38, 'Üsküdar'),
(39, 'Zeytinburnu'),
(40, 'Adapazarı'),
(41, 'Akyazı'),
(42, 'Arifiye'),
(43, 'Erenler'),
(44, 'Ferizli'),
(45, 'Geyve'),
(46, 'Karapürçek'),
(47, 'Karasu'),
(48, 'Kaynarca'),
(49, 'Kocaali'),
(50, 'Pamukova'),
(51, 'Sapanca');

-- --------------------------------------------------------

--
-- Tablo için tablo yapısı `user_`
--

CREATE TABLE `user_` (
  `ID` int(11) NOT NULL,
  `USERNAME_` varchar(50) DEFAULT NULL,
  `PASSWORD_` varchar(50) DEFAULT NULL,
  `NAMESURNAME` varchar(100) DEFAULT NULL,
  `EMAIL` varchar(100) DEFAULT NULL,
  `GENDER` varchar(1) DEFAULT NULL,
  `CREATEDDATE` datetime DEFAULT NULL,
  `BIRTHDATE` date DEFAULT NULL,
  `TELNR1` varchar(15) DEFAULT NULL,
  `TELNR2` varchar(15) DEFAULT NULL
) ENGINE=InnoDB DEFAULT CHARSET=utf8mb4 COLLATE=utf8mb4_general_ci;

--
-- Tablo döküm verisi `user_`
--

INSERT INTO `user_` (`ID`, `USERNAME_`, `PASSWORD_`, `NAMESURNAME`, `EMAIL`, `GENDER`, `CREATEDDATE`, `BIRTHDATE`, `TELNR1`, `TELNR2`) VALUES
(1, 'johnsmith', 'password123', 'John Smith', 'johnsmith@example.com', 'M', '2022-01-01 10:00:00', '1990-05-15', '1234567890', '9876543210'),
(2, 'ahmetyilmaz', 'pass123', 'Ahmet Yılmaz', 'ahmet.yilmaz@example.com', 'M', '2022-01-01 10:00:00', '1990-05-15', '1234567890', '9876543210'),
(3, 'elifdemir', 'elifpass', 'Elif Demir', 'elif.demir@example.com', 'F', '2022-02-15 14:30:00', '1985-09-20', '9876543210', '1234567890'),
(4, 'mustafakaya', 'mustafapass', 'Mustafa Kaya', 'mustafa.kaya@example.com', 'M', '2022-03-20 09:45:00', '1995-12-10', '5555555555', '9999999999'),
(5, 'aysekurt', 'aysepass', 'Ayşe Kurt', 'ayse.kurt@example.com', 'F', '2022-04-25 16:20:00', '1992-07-08', '1111111111', '2222222222'),
(6, 'canerşahin', 'canerpass', 'Caner Şahin', 'caner.sahin@example.com', 'M', '2022-05-30 11:10:00', '1988-03-18', '4444444444', '7777777777'),
(7, 'sevgiöztürk', 'sevgipass', 'Sevgi Öztürk', 'sevgi.ozturk@example.com', 'F', '2022-06-05 08:00:00', '1998-11-05', '6666666666', '3333333333'),
(8, 'aliyıldız', 'alipass', 'Ali Yıldız', 'ali.yildiz@example.com', 'M', '2022-07-10 15:45:00', '1993-02-28', '8888888888', '5555555555'),
(9, 'aylak', 'rachelpass', 'Ayşe Aylak', 'ayse.aylak@example.com', 'F', '2022-08-15 13:20:00', '1991-06-25', '2222222222', '4444444444'),
(10, 'mehmetbakır', 'mattpass', 'Mehmet Bakır', 'mehmet.bakir@example.com', 'M', '2022-09-20 10:30:00', '1987-09-12', '3333333333', '6666666666'),
(11, 'sevdaçetin', 'oliviapass', 'Sevda Çetin', 'sevda.cetin@example.com', 'F', '2022-10-25 17:15:00', '1994-04-02', '9999999999', '1111111111'),
(12, 'fatmakara', 'fatmapass', 'Fatma Kara', 'fatma.kara@example.com', 'F', '2022-11-30 10:00:00', '1990-05-15', '1234567890', '9876543210'),
(13, 'muratgüneş', 'muratpass', 'Murat Güneş', 'murat.gunes@example.com', 'M', '2022-12-15 14:30:00', '1985-09-20', '9876543210', '1234567890'),
(14, 'aylınşimşek', 'aylinpass', 'Aylın Şimşek', 'aylin.simsek@example.com', 'F', '2023-01-20 09:45:00', '1995-12-10', '5555555555', '9999999999'),
(15, 'mehmetduru', 'mehmetpass', 'Mehmet Duru', 'mehmet.duru@example.com', 'M', '2023-02-25 16:20:00', '1992-07-08', '1111111111', '2222222222'),
(16, 'ayşeözcan', 'aysepass', 'Ayşe Özcan', 'ayse.ozcan@example.com', 'F', '2023-03-30 11:10:00', '1988-03-18', '4444444444', '7777777777'),
(17, 'ahmethasan', 'ahmetpass', 'Ahmet Hasan', 'ahmet.hasan@example.com', 'M', '2023-04-05 08:00:00', '1998-11-05', '6666666666', '3333333333'),
(18, 'gizemturan', 'gizempass', 'Gizem Turan', 'gizem.turan@example.com', 'F', '2023-05-10 15:45:00', '1993-02-28', '8888888888', '5555555555'),
(19, 'hakanaksoy', 'hakanpass', 'Hakan Aksoy', 'hakan.aksoy@example.com', 'M', '2023-06-15 13:20:00', '1991-06-25', '2222222222', '4444444444'),
(20, 'sedefdemir', 'sedefpass', 'Sedef Demir', 'sedef.demir@example.com', 'F', '2023-07-20 10:30:00', '1987-09-12', '3333333333', '6666666666'),
(21, 'sercanaydın', 'sercanpass', 'Sercan Aydın', 'sercan.aydin@example.com', 'M', '2023-08-25 17:15:00', '1994-04-02', '9999999999', '1111111111'),
(22, 'zeynepçelik', 'zeynepass', 'Zeynep Çelik', 'zeynep.celik@example.com', 'F', '2023-09-30 13:30:00', '1990-08-18', '1234567890', '9876543210'),
(23, 'erdemkurt', 'erdempass', 'Erdem Kurt', 'erdem.kurt@example.com', 'M', '2023-10-05 15:45:00', '1985-11-25', '9876543210', '1234567890'),
(24, 'sevimcan', 'sevimpass', 'Sevim Can', 'sevim.can@example.com', 'F', '2023-11-10 11:00:00', '1995-02-10', '5555555555', '9999999999'),
(25, 'ademözdemir', 'adempass', 'Adem Özdemir', 'adem.ozdemir@example.com', 'M', '2023-12-15 09:15:00', '1992-05-15', '1111111111', '2222222222'),
(26, 'berrintopal', 'berrinpass', 'Berrin Topal', 'berrin.topal@example.com', 'F', '2024-01-20 16:30:00', '1988-08-20', '4444444444', '7777777777'),
(27, 'onurşahin', 'onurpass', 'Onur Şahin', 'onur.sahin@example.com', 'M', '2024-02-25 14:45:00', '1998-11-25', '6666666666', '3333333333'),
(28, 'leylaay', 'leylapass', 'Leyla Ay', 'leyla.ay@example.com', 'F', '2024-03-30 10:00:00', '1993-03-30', '8888888888', '5555555555'),
(29, 'serkancan', 'serkanpass', 'Sercan Can', 'sercan.can@example.com', 'M', '2024-04-05 13:15:00', '1991-07-05', '2222222222', '4444444444'),
(30, 'zehrayılmaz', 'zehrapass', 'Zehra Yılmaz', 'zehra.yilmaz@example.com', 'F', '2024-05-10 10:30:00', '1987-10-10', '3333333333', '6666666666'),
(31, 'emreşen', 'emrepass', 'Emre Şen', 'emre.sen@example.com', 'M', '2024-06-15 11:45:00', '1994-01-15', '9999999999', '1111111111'),
(32, 'sibelşahin', 'sibelpass', 'Sibel Şahin', 'sibel.sahin@example.com', 'F', '2024-07-20 15:00:00', '1990-04-20', '1234567890', '9876543210'),
(33, 'furkankaya', 'furkanpass', 'Furkan Kaya', 'furkan.kaya@example.com', 'M', '2024-08-25 12:15:00', '1985-07-25', '9876543210', '1234567890'),
(34, 'elifkurt', 'elifpass', 'Elif Kurt', 'elif.kurt@example.com', 'F', '2024-09-30 14:30:00', '1995-10-30', '5555555555', '9999999999'),
(35, 'ademaksoy', 'adempass', 'Adem Aksoy', 'adem.aksoy@example.com', 'M', '2024-10-05 10:45:00', '1992-01-05', '1111111111', '2222222222'),
(36, 'nazlıçiçek', 'nazlipass', 'Nazlı Çiçek', 'nazli.cicek@example.com', 'F', '2024-11-10 16:00:00', '1988-04-10', '4444444444', '7777777777'),
(37, 'burakyıldız', 'burakpass', 'Burak Yıldız', 'burak.yildiz@example.com', 'M', '2024-12-15 13:15:00', '1998-07-15', '6666666666', '3333333333'),
(38, 'melisatay', 'melispass', 'Melisa Tay', 'melisa.tay@example.com', 'F', '2025-01-20 11:30:00', '1993-10-20', '8888888888', '5555555555'),
(39, 'serhatduru', 'serhatpass', 'Serhat Duru', 'serhat.duru@example.com', 'M', '2025-02-25 14:45:00', '1991-01-25', '2222222222', '4444444444'),
(40, 'semanuröztürk', 'semanurpass', 'Semanur Öztürk', 'semanur.ozturk@example.com', 'F', '2025-03-30 13:00:00', '1987-04-30', '3333333333', '6666666666'),
(41, 'muhammedbakır', 'muhammedpass', 'Muhammed Bakır', 'muhammed.bakir@example.com', 'M', '2025-04-05 15:15:00', '1994-07-05', '9999999999', '1111111111'),
(42, 'esraçetin', 'esrapass', 'Esra Çetin', 'esra.cetin@example.com', 'F', '2025-05-10 12:30:00', '1990-10-10', '1234567890', '9876543210'),
(43, 'aliay', 'alipass', 'Ali Ay', 'ali.ay@example.com', 'M', '2025-06-15 14:45:00', '1985-01-15', '9876543210', '1234567890'),
(44, 'elifdemir', 'elifpass', 'Elif Demir', 'elif.demir@example.com', 'F', '2025-07-20 13:00:00', '1995-04-20', '5555555555', '9999999999'),
(45, 'hakanakın', 'hakanpass', 'Hakan Akın', 'hakan.akin@example.com', 'M', '2025-08-25 15:15:00', '1992-07-25', '1111111111', '2222222222'),
(46, 'selingüneş', 'selinpass', 'Selin Güneş', 'selin.gunes@example.com', 'F', '2025-09-30 12:30:00', '1988-10-30', '4444444444', '7777777777'),
(47, 'metinkara', 'metinpass', 'Metin Kara', 'metin.kara@example.com', 'M', '2025-10-05 14:45:00', '1998-01-05', '6666666666', '3333333333'),
(48, 'neslisanay', 'neslisapass', 'Neslişah Anay', 'neslisah.anay@example.com', 'F', '2025-11-10 13:00:00', '1993-04-10', '8888888888', '5555555555'),
(49, 'serkançelik', 'serkanpass', 'Serkan Çelik', 'serkan.celik@example.com', 'M', '2025-12-15 15:15:00', '1991-07-15', '2222222222', '4444444444');

--
-- Dökümü yapılmış tablolar için indeksler
--

--
-- Tablo için indeksler `address`
--
ALTER TABLE `address`
  ADD PRIMARY KEY (`ID`),
  ADD KEY `USERID` (`USERID`),
  ADD KEY `COUNTRYID` (`COUNTRYID`),
  ADD KEY `CITYID` (`CITYID`),
  ADD KEY `TOWNID` (`TOWNID`),
  ADD KEY `DISTRICTID` (`DISTRICTID`);

--
-- Tablo için indeksler `basket`
--
ALTER TABLE `basket`
  ADD PRIMARY KEY (`ID`),
  ADD KEY `USERID` (`USERID`);

--
-- Tablo için indeksler `basketdetail`
--
ALTER TABLE `basketdetail`
  ADD PRIMARY KEY (`ID`),
  ADD KEY `BASKETID` (`BASKETID`),
  ADD KEY `ITEMID` (`ITEMID`);

--
-- Tablo için indeksler `city`
--
ALTER TABLE `city`
  ADD PRIMARY KEY (`ID`);

--
-- Tablo için indeksler `country`
--
ALTER TABLE `country`
  ADD PRIMARY KEY (`ID`);

--
-- Tablo için indeksler `district`
--
ALTER TABLE `district`
  ADD PRIMARY KEY (`ID`);

--
-- Tablo için indeksler `invoice`
--
ALTER TABLE `invoice`
  ADD PRIMARY KEY (`ID`),
  ADD KEY `ORDERID` (`ORDERID`);

--
-- Tablo için indeksler `invoicedetail`
--
ALTER TABLE `invoicedetail`
  ADD PRIMARY KEY (`ID`),
  ADD KEY `INVOICEID` (`INVOICEID`),
  ADD KEY `ITEMID` (`ITEMID`),
  ADD KEY `ORDERDETAILID` (`ORDERDETAILID`);

--
-- Tablo için indeksler `item`
--
ALTER TABLE `item`
  ADD PRIMARY KEY (`ID`);

--
-- Tablo için indeksler `order`
--
ALTER TABLE `order`
  ADD PRIMARY KEY (`ID`);

--
-- Tablo için indeksler `orderdetail`
--
ALTER TABLE `orderdetail`
  ADD PRIMARY KEY (`ID`),
  ADD KEY `ORDERID` (`ORDERID`),
  ADD KEY `BASKETDETAILID` (`BASKETDETAILID`),
  ADD KEY `ITEMID` (`ITEMID`);

--
-- Tablo için indeksler `payment`
--
ALTER TABLE `payment`
  ADD PRIMARY KEY (`ID`),
  ADD KEY `BASKETID` (`BASKETID`);

--
-- Tablo için indeksler `town`
--
ALTER TABLE `town`
  ADD PRIMARY KEY (`ID`);

--
-- Tablo için indeksler `user_`
--
ALTER TABLE `user_`
  ADD PRIMARY KEY (`ID`);

--
-- Dökümü yapılmış tablolar için AUTO_INCREMENT değeri
--

--
-- Tablo için AUTO_INCREMENT değeri `address`
--
ALTER TABLE `address`
  MODIFY `ID` int(11) NOT NULL AUTO_INCREMENT, AUTO_INCREMENT=51;

--
-- Tablo için AUTO_INCREMENT değeri `basket`
--
ALTER TABLE `basket`
  MODIFY `ID` int(11) NOT NULL AUTO_INCREMENT, AUTO_INCREMENT=51;

--
-- Tablo için AUTO_INCREMENT değeri `basketdetail`
--
ALTER TABLE `basketdetail`
  MODIFY `ID` int(11) NOT NULL AUTO_INCREMENT, AUTO_INCREMENT=51;

--
-- Tablo için AUTO_INCREMENT değeri `city`
--
ALTER TABLE `city`
  MODIFY `ID` int(11) NOT NULL AUTO_INCREMENT, AUTO_INCREMENT=51;

--
-- Tablo için AUTO_INCREMENT değeri `country`
--
ALTER TABLE `country`
  MODIFY `ID` int(11) NOT NULL AUTO_INCREMENT, AUTO_INCREMENT=49;

--
-- Tablo için AUTO_INCREMENT değeri `district`
--
ALTER TABLE `district`
  MODIFY `ID` int(11) NOT NULL AUTO_INCREMENT, AUTO_INCREMENT=51;

--
-- Tablo için AUTO_INCREMENT değeri `invoice`
--
ALTER TABLE `invoice`
  MODIFY `ID` int(11) NOT NULL AUTO_INCREMENT, AUTO_INCREMENT=51;

--
-- Tablo için AUTO_INCREMENT değeri `invoicedetail`
--
ALTER TABLE `invoicedetail`
  MODIFY `ID` int(11) NOT NULL AUTO_INCREMENT, AUTO_INCREMENT=51;

--
-- Tablo için AUTO_INCREMENT değeri `item`
--
ALTER TABLE `item`
  MODIFY `ID` int(11) NOT NULL AUTO_INCREMENT, AUTO_INCREMENT=51;

--
-- Tablo için AUTO_INCREMENT değeri `order`
--
ALTER TABLE `order`
  MODIFY `ID` int(11) NOT NULL AUTO_INCREMENT, AUTO_INCREMENT=51;

--
-- Tablo için AUTO_INCREMENT değeri `orderdetail`
--
ALTER TABLE `orderdetail`
  MODIFY `ID` int(11) NOT NULL AUTO_INCREMENT, AUTO_INCREMENT=51;

--
-- Tablo için AUTO_INCREMENT değeri `payment`
--
ALTER TABLE `payment`
  MODIFY `ID` int(11) NOT NULL AUTO_INCREMENT, AUTO_INCREMENT=51;

--
-- Tablo için AUTO_INCREMENT değeri `town`
--
ALTER TABLE `town`
  MODIFY `ID` int(11) NOT NULL AUTO_INCREMENT, AUTO_INCREMENT=52;

--
-- Tablo için AUTO_INCREMENT değeri `user_`
--
ALTER TABLE `user_`
  MODIFY `ID` int(11) NOT NULL AUTO_INCREMENT, AUTO_INCREMENT=50;

--
-- Dökümü yapılmış tablolar için kısıtlamalar
--

--
-- Tablo kısıtlamaları `address`
--
ALTER TABLE `address`
  ADD CONSTRAINT `address_ibfk_1` FOREIGN KEY (`USERID`) REFERENCES `user_` (`ID`),
  ADD CONSTRAINT `address_ibfk_2` FOREIGN KEY (`USERID`) REFERENCES `user_` (`ID`),
  ADD CONSTRAINT `address_ibfk_3` FOREIGN KEY (`COUNTRYID`) REFERENCES `country` (`ID`),
  ADD CONSTRAINT `address_ibfk_4` FOREIGN KEY (`CITYID`) REFERENCES `city` (`ID`),
  ADD CONSTRAINT `address_ibfk_5` FOREIGN KEY (`TOWNID`) REFERENCES `town` (`ID`),
  ADD CONSTRAINT `address_ibfk_6` FOREIGN KEY (`DISTRICTID`) REFERENCES `district` (`ID`);

--
-- Tablo kısıtlamaları `basket`
--
ALTER TABLE `basket`
  ADD CONSTRAINT `basket_ibfk_1` FOREIGN KEY (`USERID`) REFERENCES `user_` (`ID`);

--
-- Tablo kısıtlamaları `basketdetail`
--
ALTER TABLE `basketdetail`
  ADD CONSTRAINT `FK_BASKETDETAIL_BASKET` FOREIGN KEY (`BASKETID`) REFERENCES `basket` (`ID`) ON DELETE CASCADE,
  ADD CONSTRAINT `FK_BASKETDETAIL_ITEM` FOREIGN KEY (`ITEMID`) REFERENCES `item` (`ID`) ON DELETE CASCADE,
  ADD CONSTRAINT `basketdetail_ibfk_1` FOREIGN KEY (`ITEMID`) REFERENCES `item` (`ID`),
  ADD CONSTRAINT `basketdetail_ibfk_2` FOREIGN KEY (`BASKETID`) REFERENCES `basket` (`ID`),
  ADD CONSTRAINT `basketdetail_ibfk_3` FOREIGN KEY (`BASKETID`) REFERENCES `basket` (`ID`),
  ADD CONSTRAINT `basketdetail_ibfk_4` FOREIGN KEY (`ITEMID`) REFERENCES `item` (`ID`);

--
-- Tablo kısıtlamaları `invoice`
--
ALTER TABLE `invoice`
  ADD CONSTRAINT `invoice_ibfk_1` FOREIGN KEY (`ORDERID`) REFERENCES `order` (`ID`);

--
-- Tablo kısıtlamaları `invoicedetail`
--
ALTER TABLE `invoicedetail`
  ADD CONSTRAINT `FK_INVOICEDETAIL_INVOICE` FOREIGN KEY (`INVOICEID`) REFERENCES `invoice` (`ID`) ON DELETE CASCADE,
  ADD CONSTRAINT `FK_INVOICEDETAIL_ORDERDETAIL` FOREIGN KEY (`ORDERDETAILID`) REFERENCES `orderdetail` (`ID`) ON DELETE CASCADE,
  ADD CONSTRAINT `invoicedetail_ibfk_1` FOREIGN KEY (`INVOICEID`) REFERENCES `invoice` (`ID`),
  ADD CONSTRAINT `invoicedetail_ibfk_2` FOREIGN KEY (`ORDERDETAILID`) REFERENCES `orderdetail` (`ID`),
  ADD CONSTRAINT `invoicedetail_ibfk_3` FOREIGN KEY (`INVOICEID`) REFERENCES `invoice` (`ID`),
  ADD CONSTRAINT `invoicedetail_ibfk_4` FOREIGN KEY (`ORDERDETAILID`) REFERENCES `orderdetail` (`ID`),
  ADD CONSTRAINT `invoicedetail_ibfk_5` FOREIGN KEY (`ITEMID`) REFERENCES `item` (`ID`),
  ADD CONSTRAINT `invoicedetail_ibfk_6` FOREIGN KEY (`ITEMID`) REFERENCES `item` (`ID`),
  ADD CONSTRAINT `invoicedetail_ibfk_7` FOREIGN KEY (`ORDERDETAILID`) REFERENCES `orderdetail` (`ID`);

--
-- Tablo kısıtlamaları `orderdetail`
--
ALTER TABLE `orderdetail`
  ADD CONSTRAINT `FK_ORDERDETAIL_BASKETDETAIL` FOREIGN KEY (`BASKETDETAILID`) REFERENCES `basketdetail` (`ID`) ON DELETE CASCADE,
  ADD CONSTRAINT `orderdetail_ibfk_1` FOREIGN KEY (`BASKETDETAILID`) REFERENCES `basketdetail` (`ID`),
  ADD CONSTRAINT `orderdetail_ibfk_2` FOREIGN KEY (`ORDERID`) REFERENCES `order` (`ID`),
  ADD CONSTRAINT `orderdetail_ibfk_3` FOREIGN KEY (`BASKETDETAILID`) REFERENCES `basketdetail` (`ID`),
  ADD CONSTRAINT `orderdetail_ibfk_4` FOREIGN KEY (`ITEMID`) REFERENCES `item` (`ID`);

--
-- Tablo kısıtlamaları `payment`
--
ALTER TABLE `payment`
  ADD CONSTRAINT `FK_PAYMENT_BASKET` FOREIGN KEY (`BASKETID`) REFERENCES `basket` (`ID`) ON DELETE CASCADE,
  ADD CONSTRAINT `payment_ibfk_1` FOREIGN KEY (`BASKETID`) REFERENCES `basket` (`ID`),
  ADD CONSTRAINT `payment_ibfk_2` FOREIGN KEY (`BASKETID`) REFERENCES `basket` (`ID`),
  ADD CONSTRAINT `payment_ibfk_3` FOREIGN KEY (`BASKETID`) REFERENCES `basket` (`ID`),
  ADD CONSTRAINT `payment_ibfk_4` FOREIGN KEY (`BASKETID`) REFERENCES `basket` (`ID`),
  ADD CONSTRAINT `payment_ibfk_5` FOREIGN KEY (`BASKETID`) REFERENCES `basket` (`ID`);
COMMIT;

/*!40101 SET CHARACTER_SET_CLIENT=@OLD_CHARACTER_SET_CLIENT */;
/*!40101 SET CHARACTER_SET_RESULTS=@OLD_CHARACTER_SET_RESULTS */;
/*!40101 SET COLLATION_CONNECTION=@OLD_COLLATION_CONNECTION */;
